{
  "n_prompts": 50,
  "max_new_tokens": 100,
  "batch_size": 8,
  "results": {
    "serial": {
      "time": 415.72925877571106,
      "gen_tokens": 5000,
      "qps": 0.1202705822227811,
      "tps": 12.02705822227811
    },
    "batch": {
      "time": 148.49889612197876,
      "gen_tokens": 5000,
      "qps": 0.3367028395883119,
      "tps": 33.670283958831185
    },
    "ollama": {
      "time": 26.229516983032227,
      "gen_tokens": 5000,
      "qps": 1.906249361448204,
      "tps": 190.6249361448204
    }
  }
}
